id,compound_name,value_1,value_2,value_3,state,colour
1,Fabaceae,998.87073,-2.29873,N/a,+,Fuscia
2,Asteraceae,171.88994,-33.46525,1733,-,Teal
3,Brassicaceae,369.56489,52.29384,N/a,-,Maroon
4,Fabaceae,946.7169,-11.75319,1128,-,Purple
5,Onagraceae,598.2973,,1588,+,Blue
6,Onagraceae,527.89678,,1409,-,Green
7,Saxifragaceae,103.71866,73.03232,1977,-,Turquoise
8,Chenopodiaceae,171.35995,-25.30753,1067,-,Pink
9,Stictidaceae,421.73692,-75.53571,N/a,+,Red
10,Campanulaceae,595.54826,91.77217,N/a,-,Maroon
11,Poaceae,308.56428,-16.50917,1144,+,Puce
12,Rosaceae,197.20319,42.84344,1657,+,Goldenrod
13,Caryophyllaceae,561.36949,38.84795,N/a,-,Turquoise
14,Fabaceae,,-3.73386,1730,+,Purple
15,Poaceae,871.27049,93.25786,N/a,-,Fuscia
16,Poaceae,979.52777,16.33797,1531,-,Khaki
17,Iridaceae,822.48509,-60.519,1263,+,Blue
18,Saxifragaceae,970.40707,-25.90223,1017,-,Green
19,Cyperaceae,82.31682,-89.99742,1231,-,
20,Brassicaceae,25.7951,83.64438,N/a,+,Goldenrod
21,Portulacaceae,963.99223,-49.37994,N/a,-,Yellow
22,Asteraceae,574.93173,1.31773,1861,+,Indigo
23,Poaceae,209.57085,-88.19476,1852,-,Yellow
24,Rubiaceae,86.0279,-74.13305,1852,-,Goldenrod
25,Tiliaceae,699.28833,-9.82813,N/a,-,Green
26,Caprifoliaceae,,57.95149,1810,+,Teal
27,Fabaceae,777.34851,-82.10595,N/a,+,Purple
28,Rutaceae,603.72724,99.8686,1694,+,Khaki
29,Hypopterygiaceae,350.13436,-59.59556,1969,-,Maroon
30,Crassulaceae,697.89016,69.74765,1701,-,Khaki
31,Capparaceae,236.46716,85.6576,N/a,+,Purple
32,Pteridaceae,,-28.10076,N/a,+,Violet
33,Scrophulariaceae,489.34711,-42.17921,N/a,-,Goldenrod
34,Verrucariaceae,296.13075,52.63658,N/a,-,Teal
35,Scrophulariaceae,174.07051,16.98882,1191,+,Goldenrod
36,Strigulaceae,526.52132,93.7866,N/a,+,Mauv
37,Opegraphaceae,621.38517,27.39422,N/a,+,Orange
38,Hydrophyllaceae,608.67354,-82.65086,1476,-,Teal
39,Polemoniaceae,945.70784,10.70279,1374,+,Red
40,Roccellaceae,756.95518,92.16863,1734,-,Violet
41,Caryophyllaceae,979.4941,82.05478,1150,+,Khaki
42,Crassulaceae,399.95468,58.41835,1125,+,Violet
43,Sapindaceae,18.06695,-93.79107,1396,+,Turquoise
44,Scrophulariaceae,272.18213,52.50065,1889,+,Goldenrod
45,Salicaceae,275.59518,-61.07144,N/a,+,Turquoise
46,Gentianaceae,643.21986,-61.06434,1608,+,Yellow
47,Asteraceae,,93.02944,1228,+,Goldenrod
48,Brassicaceae,604.9217,-9.49402,N/a,-,Goldenrod
49,Violaceae,461.61513,-14.51547,1677,-,Puce
50,Acanthaceae,772.74211,73.03746,N/a,+,Violet
51,Ranunculaceae,779.06827,91.46875,1200,+,Aquamarine
52,Rosaceae,187.42261,-8.73955,N/a,-,Blue
53,Coccocarpiaceae,553.68859,95.79397,1650,+,Turquoise
54,Pteridaceae,901.1099,2.14612,1255,-,Indigo
55,Scrophulariaceae,797.88422,-8.12621,1055,-,Green
56,Brassicaceae,500.67314,60.13121,1251,-,Khaki
57,Apiaceae,265.18784,,1073,+,Indigo
58,Asteraceae,803.65193,10.74844,1732,-,
59,Poaceae,924.79629,69.57489,N/a,-,Puce
60,Cyperaceae,776.93059,13.1662,1066,-,Violet
61,Onagraceae,358.51753,27.30738,1069,+,Teal
62,Apiaceae,631.195,37.11307,N/a,+,Mauv
63,Linaceae,540.73176,-41.47076,1131,+,Teal
64,Acanthaceae,60.72696,2.86767,1459,+,Teal
65,Onagraceae,726.65812,11.27923,1385,+,Mauv
66,Primulaceae,92.61099,18.35465,N/a,+,Maroon
67,Liliaceae,939.96156,62.68972,1696,+,Aquamarine
68,Brachytheciaceae,556.71494,76.12931,1068,-,Crimson
69,Liliaceae,165.87688,22.9602,1807,+,Teal
70,Lamiaceae,782.5172,19.60273,N/a,+,Aquamarine
71,Fabaceae,873.47192,21.99942,1374,-,Khaki
72,Asteraceae,281.12521,0.65399,1091,+,Red
73,Haloragaceae,799.93128,20.75777,1692,-,
74,Asteraceae,599.85627,-48.88381,1450,+,Mauv
75,Boraginaceae,,-23.32572,1688,-,Orange
76,Boraginaceae,770.93777,-39.84573,N/a,-,Puce
77,Polygonaceae,94.99196,75.77752,1206,-,Teal
78,Saxifragaceae,,-93.15995,N/a,+,Indigo
79,Cladoniaceae,192.23556,-61.81312,N/a,+,Turquoise
80,Cyperaceae,648.86303,68.29629,1142,-,Fuscia
81,Asteraceae,397.08052,,1896,-,Crimson
82,Asteraceae,491.5535,-84.23837,1796,+,Violet
83,Apiaceae,783.24687,,N/a,-,Blue
84,Asteraceae,483.08687,,N/a,+,Teal
85,Myrtaceae,597.94151,-32.74444,N/a,+,Aquamarine
86,Iridaceae,671.47261,-9.16856,1355,-,Green
87,Asteraceae,96.78034,-34.7819,N/a,-,Aquamarine
88,Apiaceae,919.36473,72.81689,1431,-,Purple
89,Cyperaceae,434.89027,19.74989,N/a,+,Pink
90,Theliaceae,761.83892,-54.22236,1793,+,Aquamarine
91,Physciaceae,460.20431,9.82069,N/a,-,
92,Flacourtiaceae,874.53728,-73.00625,N/a,-,Aquamarine
93,Juncaceae,976.69149,-64.69282,1979,+,Green
94,Lamiaceae,473.70389,78.55977,N/a,-,Red
95,Fabaceae,98.30781,13.0191,1399,+,Crimson
96,Rosaceae,588.32845,10.88292,N/a,-,Fuscia
97,Caryophyllaceae,919.34146,-43.06684,N/a,+,Aquamarine
98,Fabaceae,500.59102,-19.7081,1633,-,Fuscia
99,Asteraceae,336.37298,-22.06828,N/a,-,Indigo
100,Pteridaceae,24.83822,-94.65588,N/a,+,Blue
101,Verbenaceae,944.61079,54.82791,1300,-,Crimson
102,Cactaceae,749.07216,-3.71416,1457,+,Pink
103,Poaceae,334.58005,64.26957,N/a,+,Turquoise
104,Betulaceae,575.86973,,N/a,+,Indigo
105,Cyperaceae,603.88206,-43.90804,N/a,-,Teal
106,Encalyptaceae,129.63432,-60.58011,N/a,-,Maroon
107,Scrophulariaceae,107.59438,-4.81958,N/a,-,Turquoise
108,Poaceae,247.85485,-35.87387,1044,-,Purple
109,Juncaceae,744.01017,-97.04733,1347,+,Teal
110,Lecanoraceae,890.90637,5.80598,1440,+,Blue
111,Poaceae,219.82449,-62.68501,1448,+,Orange
112,Polygonaceae,252.53051,35.05387,1158,+,Puce
113,Asteraceae,53.33252,-72.39755,1348,-,
114,Piperaceae,278.91555,-73.70289,N/a,-,Mauv
115,Balsaminaceae,514.16597,-29.29894,N/a,+,Violet
116,Chenopodiaceae,566.59486,-40.25689,N/a,+,Goldenrod
117,Nyctaginaceae,800.05882,82.49474,1786,-,Purple
118,Lecideaceae,254.27122,-0.72416,1163,-,Aquamarine
119,Apiaceae,,-43.00197,N/a,-,Maroon
120,Cuscutaceae,474.60853,-29.94814,N/a,+,Violet
121,Apocynaceae,979.27426,6.45775,1324,+,Khaki
122,Poaceae,721.54548,19.61505,N/a,+,Purple
123,Onagraceae,507.58629,80.13965,1014,+,Turquoise
124,Hylocomiaceae,933.29778,-55.15878,N/a,+,Purple
125,Cactaceae,845.35363,-76.68607,N/a,-,Purple
126,Uncertain Ascomycota Family,105.80494,-99.04172,1427,-,Goldenrod
127,Ranunculaceae,617.08531,10.11239,1380,-,Puce
128,Hydrophyllaceae,602.26643,-96.60936,1493,-,Pink
129,Hydrophyllaceae,225.07184,13.82468,N/a,-,Turquoise
130,Scouleriaceae,488.27371,59.70389,N/a,-,Yellow
131,Asteraceae,689.16102,-10.18774,1778,-,Aquamarine
132,Orchidaceae,711.019,14.86725,N/a,+,Puce
133,Asteraceae,856.8222,-27.0146,1158,-,Mauv
134,Hymeneliaceae,251.69584,-80.37056,N/a,-,Khaki
135,Dryopteridaceae,724.77785,-60.53608,1628,+,Purple
136,Trichotheliaceae,481.94755,4.52882,N/a,+,Indigo
137,Liliaceae,47.06438,-25.32883,N/a,+,Fuscia
138,Asteraceae,307.67253,63.63636,1950,-,Blue
139,Saxifragaceae,,,1216,-,Orange
140,Fabaceae,149.30649,-83.55544,1925,+,Puce
141,Sapindaceae,883.59577,55.52899,1610,-,Red
142,Convolvulaceae,764.33277,39.1824,1033,-,Pink
143,Chenopodiaceae,472.36327,-23.59571,1498,-,Turquoise
144,Asteraceae,317.56575,-19.47429,1611,+,Yellow
145,Lamiaceae,186.744,95.23031,1325,+,Yellow
146,Scrophulariaceae,568.98602,-44.45977,N/a,-,
147,Ericaceae,743.94582,69.82674,N/a,-,Blue
148,Cyperaceae,447.14487,-4.84275,N/a,+,Puce
149,Cyperaceae,85.26074,-43.61375,N/a,-,Violet
150,Iridaceae,,64.3255,N/a,-,
151,Iridaceae,275.03774,-50.48317,N/a,+,Puce
152,Asteraceae,271.8241,,N/a,-,Turquoise
153,Fabaceae,284.01107,-83.82449,1749,-,Purple
154,Ericaceae,891.19238,6.17931,N/a,+,Turquoise
155,Ranunculaceae,136.10541,86.39173,1543,+,Teal
156,Ericaceae,759.95097,-69.30472,1734,-,Red
157,Cyatheaceae,194.97524,57.02594,N/a,-,Indigo
158,Thuidiaceae,264.20767,74.00941,1207,+,Puce
159,Grossulariaceae,395.20875,24.5314,1024,-,Yellow
160,Fabaceae,594.98191,-92.59072,N/a,+,Pink
161,Cyperaceae,422.02697,22.17436,1746,-,Violet
162,Marantaceae,850.79832,-16.58203,N/a,-,Goldenrod
163,Rosaceae,536.29278,-67.94264,N/a,-,Green
164,Chenopodiaceae,888.39424,77.6038,N/a,-,Indigo
165,Parmeliaceae,897.73722,16.94224,1506,+,Pink
166,Cactaceae,347.77848,-95.70173,1757,-,Pink
167,Polygonaceae,423.07529,82.44057,1900,+,Aquamarine
168,Asteraceae,433.73424,-72.44216,N/a,-,Crimson
169,Poaceae,371.80441,-24.02636,N/a,+,Green
170,Asteraceae,824.56154,-77.53118,N/a,-,Mauv
171,Asteraceae,664.15673,0.92364,1615,-,Teal
172,Poaceae,834.57323,15.40066,N/a,-,Turquoise
173,Ranunculaceae,782.63443,71.81767,1701,-,Crimson
174,Liliaceae,457.43918,-46.51003,1955,-,Purple
175,Violaceae,812.6554,-30.39994,1546,-,Fuscia
176,Arecaceae,690.77161,-37.20316,1918,+,Maroon
177,Poaceae,925.10273,-83.39265,N/a,-,Aquamarine
178,Dipsacaceae,936.40327,-70.72388,N/a,+,Blue
179,Pottiaceae,322.00297,-96.09215,N/a,+,
180,Campanulaceae,,64.80606,N/a,+,Fuscia
181,Polemoniaceae,618.57637,-92.84472,N/a,-,Indigo
182,Asteraceae,344.46326,12.80437,N/a,-,Yellow
183,Liliaceae,404.6157,-67.75188,N/a,-,Pink
184,Pittosporaceae,943.09379,-11.67321,N/a,+,Orange
185,Liliaceae,179.76815,12.34158,1490,-,Goldenrod
186,Splachnaceae,769.06767,-11.86854,N/a,+,Yellow
187,Asteraceae,565.53278,86.71891,1590,-,Violet
188,Bignoniaceae,355.86654,81.40826,N/a,+,Blue
189,Lichenotheliaceae,685.92615,-94.00313,N/a,-,Turquoise
190,Poaceae,266.27247,-34.03082,1315,+,Violet
191,Scrophulariaceae,915.06062,57.40101,N/a,-,Purple
192,Asteraceae,282.99788,,1071,+,Teal
193,Acarosporaceae,772.73971,-22.06763,N/a,+,Yellow
194,Brassicaceae,162.54052,,N/a,-,Crimson
195,Onagraceae,276.05705,-72.57791,1134,-,Aquamarine
196,Brassicaceae,,58.60125,N/a,+,Violet
197,Parmeliaceae,665.96196,-19.77911,N/a,+,Green
198,Solanaceae,711.61285,-87.20722,N/a,+,Pink
199,Dryopteridaceae,79.96251,-90.46424,1103,+,Purple
200,Fabaceae,571.01772,24.97033,1306,+,Teal
201,Onagraceae,440.27831,-83.01955,N/a,-,Puce
202,Asteraceae,126.87302,,N/a,-,Puce
203,Cyperaceae,315.35797,-52.02686,N/a,+,Indigo
204,Fabaceae,753.9255,10.49032,N/a,+,Yellow
205,Dryopteridaceae,480.75522,83.26811,1188,-,Violet
206,Lauraceae,,99.20074,1736,-,Goldenrod
207,Poaceae,257.60523,82.45038,N/a,-,Indigo
208,Scrophulariaceae,270.89887,58.03633,N/a,+,
209,Poaceae,276.19603,-56.5592,N/a,-,Mauv
210,Scrophulariaceae,435.86622,-43.63546,1490,-,Purple
211,Caryophyllaceae,747.78503,-40.2148,1001,+,Goldenrod
212,Verbenaceae,385.97326,16.57278,N/a,-,
213,Brassicaceae,421.01903,74.74839,N/a,+,Maroon
214,Brachytheciaceae,62.96816,,N/a,+,Fuscia
215,Pannariaceae,298.39036,-54.31419,1098,-,Aquamarine
216,Liliaceae,759.91569,,1666,-,Pink
217,Arecaceae,56.85303,31.68381,1003,+,Orange
218,Scrophulariaceae,946.14366,21.13922,1212,+,Aquamarine
219,Liliaceae,687.83321,84.92653,1944,+,Purple
220,Onagraceae,431.16041,,1792,+,Red
221,Malvaceae,696.26062,-85.0925,1639,+,Red
222,Caryophyllaceae,54.87843,16.20289,1769,-,Red
223,Coniocybaceae,266.90599,,N/a,-,Violet
224,Fabaceae,96.52702,68.94765,1688,-,Pink
225,Lecideaceae,787.52803,83.24296,1083,+,Purple
226,Polygonaceae,610.24273,-60.14583,N/a,+,Blue
227,Araliaceae,322.87194,-55.88524,N/a,-,Fuscia
228,Lamiaceae,67.11841,57.14603,N/a,+,Orange
229,Rosaceae,951.43537,,1553,-,Pink
230,Cyperaceae,108.7133,-4.7187,N/a,+,Green
231,Asteraceae,572.73783,54.27975,1374,-,Goldenrod
232,Campanulaceae,469.0428,30.74108,N/a,+,Crimson
233,Chenopodiaceae,170.99753,-84.40167,1317,+,Khaki
234,Scrophulariaceae,601.74522,28.36661,1293,-,Red
235,Ericaceae,536.78414,-84.45275,1490,+,Teal
236,Campanulaceae,985.65788,94.46275,N/a,+,Fuscia
237,Berberidaceae,704.26007,-19.02572,N/a,-,Turquoise
238,Fabroniaceae,253.72661,95.22527,N/a,+,Purple
239,Asteraceae,656.21091,74.68231,1144,-,Khaki
240,Fabaceae,14.988,-50.95662,N/a,-,Fuscia
241,Dryopteridaceae,160.71359,,1504,+,Goldenrod
242,Orchidaceae,560.54415,,N/a,-,Pink
243,Parmeliaceae,259.67237,-25.01678,1750,+,Pink
244,Polemoniaceae,165.92765,-60.02587,N/a,+,Yellow
245,Poaceae,599.49445,70.43465,1267,+,Maroon
246,Saxifragaceae,135.80746,-4.94521,N/a,+,Green
247,Solanaceae,370.57255,48.48873,1445,+,Maroon
248,Fabaceae,753.43181,,N/a,+,Teal
249,Fabaceae,881.28841,6.49044,N/a,+,Violet
250,Fagaceae,583.5259,-13.90952,1903,-,Khaki
251,Parmeliaceae,788.88488,18.06699,1343,-,Indigo
252,Primulaceae,951.97539,56.95897,1586,-,Orange
253,Campanulaceae,491.64057,-79.96555,N/a,+,Crimson
254,Ranunculaceae,32.90314,84.83781,1894,-,Khaki
255,Onagraceae,943.14722,53.99882,1820,+,Turquoise
256,Scrophulariaceae,357.84318,34.74927,1192,-,
257,Pottiaceae,,-91.50966,N/a,-,Khaki
258,Grossulariaceae,851.24183,55.31457,1869,+,Aquamarine
259,Teloschistaceae,439.70794,-86.83059,N/a,+,Purple
260,Clusiaceae,835.89974,80.73797,N/a,-,Pink
261,Solanaceae,118.64154,9.77034,1530,+,Blue
262,Fabaceae,168.25208,37.29868,1331,+,Red
263,Mniaceae,381.04778,-67.06347,N/a,+,Puce
264,Rosaceae,373.16614,-99.00635,N/a,-,
265,Fabaceae,,-23.7699,N/a,-,Red
266,Celastraceae,60.66671,-8.35413,N/a,+,Goldenrod
267,Poaceae,417.68445,-69.37703,N/a,+,Blue
268,Polygonaceae,691.94884,-70.15159,1507,-,Fuscia
269,Combretaceae,222.94201,-39.84331,1023,-,Blue
270,Cyperaceae,870.07628,-36.78381,N/a,+,Green
271,Caliciaceae,688.94752,-94.69913,N/a,+,Mauv
272,Caryophyllaceae,290.21481,,1694,+,Crimson
273,Rosaceae,649.81648,-1.45167,N/a,+,Turquoise
274,Cyperaceae,924.63547,-61.85161,N/a,-,Violet
275,Polemoniaceae,976.90458,21.56045,1832,-,Khaki
276,Asteraceae,283.36705,88.69312,N/a,+,Puce
277,Asteraceae,597.5526,71.21195,N/a,-,Mauv
278,Fabaceae,64.05687,-93.87539,1328,+,Purple
279,Typhaceae,936.42593,6.96089,N/a,-,Teal
280,Primulaceae,601.31823,-80.8051,1486,-,Violet
281,Araceae,441.55007,-33.64277,N/a,-,Yellow
282,Arecaceae,478.74109,-86.15726,N/a,-,Turquoise
283,Cyperaceae,993.33407,45.22261,1124,-,Crimson
284,Solanaceae,948.04467,,N/a,-,Crimson
285,Verbenaceae,108.31586,9.68831,1845,+,Pink
286,Verrucariaceae,562.13999,95.88526,N/a,-,Indigo
287,Myrtaceae,993.06214,84.83573,1181,+,Teal
288,Scrophulariaceae,902.53743,-73.97084,1053,-,Blue
289,Vittariaceae,331.59114,72.86315,1936,+,
290,Acanthaceae,878.40615,42.16029,1513,+,Khaki
291,Caryophyllaceae,968.27641,-8.43427,N/a,+,Turquoise
292,Scrophulariaceae,542.61653,46.882,1503,-,Maroon
293,Fabaceae,,79.6496,1189,-,Yellow
294,Pinaceae,508.99375,84.91392,N/a,+,Green
295,Lecanoraceae,311.12138,-84.84667,1952,-,Turquoise
296,Arthoniaceae,,91.98739,N/a,+,Yellow
297,Apiaceae,150.46603,73.87436,1214,-,Violet
298,Asteraceae,208.63354,3.02914,1737,+,Aquamarine
299,Apocynaceae,860.23429,-92.01038,N/a,-,Maroon
300,Uncertain Ascomycota Family,265.33195,93.81623,1455,-,Khaki
301,Berberidaceae,353.2254,38.32449,1080,+,Yellow
302,Nyctaginaceae,846.07364,-0.28142,N/a,+,Orange
303,Cyperaceae,469.42698,-82.89721,1177,+,Mauv
304,Orchidaceae,69.35755,-25.14178,N/a,-,Crimson
305,Scrophulariaceae,,90.96275,N/a,-,
306,Rosaceae,225.61097,86.869,1196,-,Violet
307,Ranunculaceae,753.3403,71.84661,N/a,-,Khaki
308,Menyanthaceae,34.72001,-66.95388,1839,-,Violet
309,Crassulaceae,,-22.38768,N/a,-,Turquoise
310,Scrophulariaceae,282.25063,-2.88417,N/a,-,Indigo
311,Myrtaceae,837.18624,-42.71776,1882,-,Turquoise
312,Trypetheliaceae,479.34775,-62.12217,N/a,+,Turquoise
313,Rosaceae,382.42687,-42.14422,N/a,-,Fuscia
314,Lecanoraceae,691.87636,,1640,-,Crimson
315,Fabaceae,323.66132,27.90674,1642,+,Red
316,Asteraceae,896.2722,7.53095,1614,-,Indigo
317,Brassicaceae,762.49874,-68.35395,N/a,-,Purple
318,Asteraceae,407.27279,-73.10248,N/a,-,
319,Cladoniaceae,161.31248,-18.33294,1164,+,Violet
320,Nyctaginaceae,972.5874,11.73933,1106,+,Green
321,Rhamnaceae,173.78616,59.98786,1269,+,Teal
322,Asteraceae,702.2302,-73.23807,1141,+,Crimson
323,Dicranaceae,757.43833,,1779,+,Red
324,Lecythidaceae,234.65895,62.93284,1045,+,Teal
325,Polygonaceae,308.32299,-58.0708,1319,+,Aquamarine
326,Apiaceae,788.55348,53.95329,1636,-,Goldenrod
327,Convolvulaceae,717.3802,-94.92375,N/a,+,Khaki
328,Lamiaceae,579.98533,-24.83479,1290,-,Teal
329,Polypodiaceae,68.68345,-99.07195,N/a,-,Maroon
330,Brassicaceae,663.31238,-7.85825,N/a,+,Purple
331,Rubiaceae,277.75567,-34.30563,N/a,-,Turquoise
332,Fagaceae,512.23327,-47.56469,1109,-,Fuscia
333,Ectolechiaceae,191.48848,-77.67429,N/a,-,Puce
334,Brassicaceae,833.50365,2.64025,N/a,-,Turquoise
335,Fabaceae,391.23986,92.33094,1148,+,Khaki
336,Fabaceae,282.34197,14.86474,N/a,+,Maroon
337,Saururaceae,70.74815,-0.46251,1134,+,Pink
338,Lamiaceae,818.84398,49.89523,1596,-,Maroon
339,Brassicaceae,648.32,8.85374,N/a,+,Fuscia
340,Fabaceae,950.79273,-64.29102,N/a,+,Violet
341,Lauraceae,264.0441,62.57088,1687,-,Teal
342,Anthocerotaceae,395.19558,86.73935,N/a,+,Pink
343,Agavaceae,403.08514,71.79201,N/a,+,Green
344,Aceraceae,209.15067,97.52127,1851,-,Indigo
345,Fagaceae,753.14189,-72.17139,1034,+,Crimson
346,Orchidaceae,943.52411,8.45725,N/a,+,Turquoise
347,Fabaceae,92.752,-85.07803,1925,+,Aquamarine
348,Brachytheciaceae,293.82086,96.6286,N/a,-,Maroon
349,Hydrophyllaceae,963.41758,-31.44625,1804,-,Mauv
350,Stictidaceae,773.33198,,1723,+,Mauv
351,Euphorbiaceae,51.99634,10.16651,1731,-,Teal
352,Rosaceae,452.81337,-30.99161,N/a,-,Fuscia
353,Asteraceae,971.38243,-93.36832,1482,-,Puce
354,Sapotaceae,687.10667,98.47288,1155,+,Indigo
355,Myrtaceae,130.39276,-85.62256,N/a,-,Green
356,Lamiaceae,302.05932,-82.97094,N/a,-,Crimson
357,Scrophulariaceae,281.19514,-39.48367,N/a,+,Puce
358,Fabaceae,915.31454,22.26702,1500,+,Maroon
359,Scrophulariaceae,114.31711,90.97695,1791,-,Red
360,Asteraceae,623.93164,-41.1847,1732,-,
361,Fagaceae,465.55469,-52.18636,1185,-,Goldenrod
362,Rosaceae,878.26151,-52.51597,N/a,-,Teal
363,Fabaceae,591.64396,-59.06673,1900,-,Fuscia
364,Polygonaceae,276.01481,-3.96053,N/a,+,Khaki
365,Rosaceae,260.19374,57.37198,1621,-,Aquamarine
366,Myricaceae,849.283,4.20505,1526,-,Goldenrod
367,Apiaceae,60.92245,80.94028,1569,+,Khaki
368,Lichinaceae,353.65706,,1605,-,Turquoise
369,Lamiaceae,806.00965,75.31339,1673,+,Indigo
370,Scrophulariaceae,89.43247,-63.73491,N/a,+,Puce
371,Liliaceae,,13.25515,1462,+,Blue
372,Betulaceae,613.51798,-79.27195,1025,-,Goldenrod
373,Polygalaceae,897.16388,92.58906,N/a,-,Khaki
374,Fabaceae,530.67809,86.4348,1365,+,Mauv
375,Grossulariaceae,382.6583,,N/a,-,Goldenrod
376,Tropaeolaceae,668.97092,51.92659,N/a,+,Fuscia
377,Apiaceae,691.6301,33.53525,N/a,+,Goldenrod
378,Rosaceae,796.05859,-25.14508,1471,-,Red
379,Asteraceae,,79.82075,1036,-,Blue
380,Rubiaceae,831.64531,-51.97213,1248,-,Indigo
381,Rosaceae,90.35826,49.42226,N/a,-,Orange
382,Apiaceae,278.19332,-20.34867,1381,-,Purple
383,Polygonaceae,750.13372,-34.39264,1278,+,Turquoise
384,Hydrophyllaceae,781.5838,-46.37461,1655,+,Yellow
385,Polemoniaceae,272.12966,-58.54133,1874,+,Goldenrod
386,Apocynaceae,29.31094,-61.81401,1727,-,Fuscia
387,Pteridaceae,655.96327,,1163,-,Yellow
388,Physciaceae,361.88979,-67.89208,1366,+,Khaki
389,Scrophulariaceae,990.76758,7.87,N/a,+,Turquoise
390,Asteraceae,654.06812,,N/a,+,Crimson
391,Asteraceae,795.19732,-25.66138,N/a,+,Blue
392,Malvaceae,678.14234,,1270,-,
393,Caryophyllaceae,20.35662,79.31452,N/a,+,Orange
394,Asteraceae,862.67104,,1821,+,Indigo
395,Dryopteridaceae,76.78276,-50.88832,1788,-,Pink
396,Annonaceae,776.81526,73.97965,N/a,-,Turquoise
397,Fabaceae,537.59103,72.91503,1695,-,Purple
398,Juncaceae,923.03124,-97.22344,N/a,-,Yellow
399,Poaceae,827.42405,-4.28651,N/a,+,Aquamarine
400,Brassicaceae,995.7991,-19.48002,N/a,-,Green
401,Aspleniaceae,97.15094,,1459,+,Blue
402,Umbilicariaceae,527.06835,,1162,-,Yellow
403,Pottiaceae,746.27264,-73.66624,1196,-,Red
404,Liliaceae,480.05255,-44.29859,1440,-,Goldenrod
405,Scrophulariaceae,567.53372,32.23062,1232,+,Maroon
406,Fumariaceae,864.89363,,N/a,-,Indigo
407,Poaceae,,60.07726,1375,-,Turquoise
408,Poaceae,450.17884,-17.7587,N/a,+,Pink
409,Tiliaceae,986.64726,30.57538,1260,+,Turquoise
410,Boraginaceae,928.16928,-11.0234,N/a,-,Indigo
411,Papaveraceae,280.57144,82.26963,1288,-,Puce
412,Cucurbitaceae,369.01276,-5.44281,N/a,+,
413,Passifloraceae,249.20055,-82.60177,N/a,+,Aquamarine
414,Convolvulaceae,767.61733,-86.45205,1001,-,Pink
415,Asteraceae,175.59461,55.18325,1118,+,Mauv
416,Fabaceae,744.54713,-47.31201,1759,+,Red
417,Clusiaceae,37.91514,,N/a,+,Goldenrod
418,Parmeliaceae,826.97029,-87.30287,N/a,-,Yellow
419,Lamiaceae,803.59503,94.14354,1457,+,Indigo
420,Hydrangeaceae,968.68642,64.08179,N/a,+,Aquamarine
421,Fabaceae,189.80592,3.97182,N/a,+,Teal
422,Poaceae,805.49158,41.22228,1938,+,Turquoise
423,Cactaceae,7.65116,26.79311,N/a,-,Goldenrod
424,Porpidiaceae,253.05975,14.67787,1006,-,Crimson
425,Asteraceae,71.45247,-52.71967,1216,+,Crimson
426,Caryophyllaceae,779.36898,-49.98571,N/a,-,Orange
427,Sterculiaceae,513.93504,64.22536,N/a,+,Blue
428,Rosaceae,787.4782,63.78198,1641,-,Mauv
429,Cyperaceae,40.35826,69.47533,1784,-,Fuscia
430,Asteraceae,,-91.30294,N/a,+,Aquamarine
431,Caryophyllaceae,352.32131,36.80271,1562,+,Red
432,Rosaceae,405.292,-14.6143,N/a,-,Fuscia
433,Fabaceae,678.88841,5.85697,1583,-,Puce
434,Hymeneliaceae,4.41285,-20.61133,1189,-,Blue
435,Fabaceae,705.67875,-62.91876,N/a,-,Indigo
436,Boraginaceae,278.31768,-45.07717,N/a,-,Khaki
437,Lecanoraceae,490.88909,74.91896,1578,+,Khaki
438,Portulacaceae,579.08954,42.42226,1353,+,Fuscia
439,Portulacaceae,887.67953,74.97703,N/a,+,Indigo
440,Asteraceae,551.92929,55.09501,1438,-,Goldenrod
441,Boraginaceae,392.26799,0.7568,1223,+,Maroon
442,Fabaceae,714.54924,93.67624,N/a,-,Violet
443,Onagraceae,769.91854,-81.79966,1324,+,Puce
444,Graphidaceae,821.19731,,1286,-,Khaki
445,Liliaceae,792.80347,13.70045,N/a,+,Orange
446,Cupressaceae,594.96396,38.6166,1339,+,Pink
447,Polemoniaceae,197.65108,9.84228,1080,+,Purple
448,Euphorbiaceae,491.70638,-65.59206,1125,-,Crimson
449,Cyperaceae,882.41457,-26.59464,1649,+,Turquoise
450,Betulaceae,625.87143,-0.90121,N/a,-,Aquamarine
451,Poaceae,614.60929,-22.40483,N/a,-,Maroon
452,Poaceae,727.22178,6.64265,1842,+,
453,Theophrastaceae,341.80869,27.17314,1121,+,Purple
454,Saxifragaceae,891.77457,17.31221,1968,-,Purple
455,Asteraceae,413.32459,38.43159,N/a,+,Mauv
456,Polygonaceae,749.02604,27.84575,1550,+,Red
457,Asteraceae,51.30281,-23.39774,1139,+,Purple
458,Asteraceae,142.85119,-13.37465,1111,+,Indigo
459,Hypnaceae,996.54711,41.21722,N/a,+,Violet
460,Rubiaceae,632.65561,-50.14471,N/a,+,Yellow
461,Brassicaceae,126.76636,-87.62082,N/a,+,Crimson
462,Physciaceae,677.03185,33.42729,N/a,-,Violet
463,Fabaceae,395.36223,,1492,-,Orange
464,Cyperaceae,57.53519,68.44239,1645,+,Maroon
465,Trypetheliaceae,519.9959,-52.50372,1171,-,Teal
466,Fabaceae,265.49261,-89.75986,1859,-,Green
467,Brassicaceae,129.59015,-95.70226,N/a,-,Goldenrod
468,Betulaceae,780.92391,-58.49935,1780,+,Blue
469,Rhamnaceae,940.28387,,1867,-,Puce
470,Plumbaginaceae,568.25898,-16.77987,N/a,+,Red
471,Rosaceae,645.77246,19.58372,1955,+,
472,Juglandaceae,,-1.72774,N/a,-,Indigo
473,Fabaceae,170.40485,41.93032,N/a,-,Orange
474,Fabaceae,97.96063,70.2057,1538,-,
475,Fagaceae,812.38232,89.05541,N/a,+,Yellow
476,Asteraceae,721.04728,97.59054,1470,-,Teal
477,Onagraceae,151.64463,-53.95941,1739,+,Yellow
478,Euphorbiaceae,302.11803,-60.77513,N/a,-,Teal
479,Portulacaceae,914.82817,34.54255,N/a,-,Yellow
480,Mycocaliciaceae,328.62564,-98.65656,1452,+,Green
481,Fabaceae,849.06076,89.64605,N/a,-,Mauv
482,Caryophyllaceae,339.54123,94.86773,N/a,+,Red
483,Asteraceae,277.2412,61.43529,1701,+,Green
484,Liliaceae,600.23714,53.58485,N/a,-,Puce
485,Gypsoplaceae,707.28704,36.0714,1568,-,Teal
486,Poaceae,363.40187,-45.86699,N/a,-,Blue
487,Nyctaginaceae,237.195,-40.2078,N/a,+,Red
488,Garryaceae,5.15795,-85.48853,1714,+,Khaki
489,Menyanthaceae,825.8509,40.37655,1155,+,Purple
490,Simaroubaceae,923.31895,-28.13204,1516,-,Blue
491,Podocarpaceae,210.55147,46.44456,N/a,-,Green
492,Apiaceae,555.01993,-11.19392,N/a,+,Purple
493,Musaceae,549.9845,1.24888,N/a,-,Green
494,Asteraceae,179.51642,35.60487,N/a,+,Purple
495,Myricaceae,447.22467,-99.52279,N/a,+,
496,Cyperaceae,828.04567,,N/a,+,
497,Hymenophyllaceae,250.40661,5.04929,1944,-,Khaki
498,Fabaceae,880.87246,-95.80578,1184,-,Aquamarine
499,Myrtaceae,459.83922,-92.71525,N/a,+,Pink
500,Brassicaceae,617.16798,-62.84476,N/a,+,Orange
501,Funariaceae,187.65098,5.8239,1891,-,Turquoise
502,Orchidaceae,335.27799,-29.4564,N/a,-,Crimson
503,Asteraceae,318.61458,-94.18793,N/a,+,Fuscia
504,Cladoniaceae,90.82297,-92.04997,1744,+,Teal
505,Rubiaceae,449.66709,0.16042,1690,-,Crimson
506,Lauraceae,57.54143,,1848,+,Orange
507,Taccaceae,,64.59397,1731,+,Purple
508,Asclepiadaceae,,-59.39004,N/a,-,Mauv
509,Iridaceae,699.06974,,1579,+,Fuscia
510,Ranunculaceae,784.70585,-16.53431,1145,-,Aquamarine
511,Rutaceae,111.29602,-29.8737,1373,+,Yellow
512,Myrtaceae,535.21744,-75.0328,1267,+,Green
513,Chrysobalanaceae,757.90244,1.67747,1881,-,Goldenrod
514,Caryophyllaceae,326.80672,42.86428,1428,-,
515,Caryophyllaceae,547.71724,-0.28127,1053,-,Khaki
516,Rubiaceae,32.80224,-96.23734,1523,+,Goldenrod
517,Loasaceae,675.46269,-41.88583,1719,-,Blue
518,Commelinaceae,358.54566,-6.66137,1901,+,Red
519,Callitrichaceae,878.25529,92.81493,1075,-,Turquoise
520,Hydrocharitaceae,644.2404,34.08574,N/a,-,Yellow
521,Violaceae,98.23256,-39.45287,N/a,-,Pink
522,Megalosporaceae,24.06015,11.76328,1304,+,Teal
523,Poaceae,914.82393,-42.20904,1706,+,Green
524,Myrtaceae,705.15146,-56.78515,N/a,-,Yellow
525,Saxifragaceae,516.55124,61.60024,N/a,-,Orange
526,Asteraceae,199.71062,69.65451,N/a,+,Violet
527,Apiaceae,679.64638,-1.61837,1107,+,Turquoise
528,Brassicaceae,332.71471,-5.80366,N/a,-,Crimson
529,Euphorbiaceae,3.78909,83.12703,1173,+,Red
530,Lentibulariaceae,415.04454,-4.97089,N/a,-,Red
531,Solanaceae,629.81465,88.53097,N/a,-,Maroon
532,Portulacaceae,730.06446,45.05331,1966,-,Puce
533,Oxalidaceae,,59.60412,1635,-,Indigo
534,Dioscoreaceae,70.10653,-36.65329,1755,+,Fuscia
535,Myrtaceae,,,1482,-,Aquamarine
536,Cactaceae,595.83786,-54.31245,N/a,+,Aquamarine
537,Rosaceae,365.35957,-19.94989,N/a,+,Puce
538,Oxalidaceae,4.85788,-54.48026,1194,-,Blue
539,Rosaceae,706.52779,-58.89786,N/a,-,Orange
540,Fabaceae,975.62578,27.73171,1373,+,Khaki
541,Fabaceae,603.1048,4.54361,1470,+,Purple
542,Urticaceae,,54.93513,N/a,-,Purple
543,Rosaceae,375.05498,76.40272,N/a,+,Violet
544,Rhamnaceae,482.17594,-14.43074,1455,+,Purple
545,Cactaceae,486.39812,0.16034,1410,+,Khaki
546,Asteraceae,566.62499,-97.08787,N/a,-,Fuscia
547,Dipsacaceae,50.13265,,N/a,+,Indigo
548,Myrtaceae,875.9541,72.85354,1646,+,Orange
549,Lamiaceae,248.86792,-15.41675,N/a,-,Crimson
550,Saxifragaceae,759.01258,98.96916,1375,+,Purple
551,Polygonaceae,382.19655,17.79094,1162,-,
552,Hydrangeaceae,754.6691,-56.87803,1336,+,Pink
553,Fabaceae,313.02693,50.36355,N/a,+,Violet
554,Asteraceae,591.42398,-70.64044,1939,-,Mauv
555,Caryophyllaceae,190.41197,-66.73134,1327,-,Teal
556,Valerianaceae,782.12731,,N/a,+,Goldenrod
557,Zygophyllaceae,286.53809,4.48502,N/a,+,Violet
558,Lecanoraceae,735.57602,84.73399,1912,+,Mauv
559,Asteraceae,190.59947,24.90894,1850,-,Goldenrod
560,Convolvulaceae,634.74594,87.01547,N/a,+,Orange
561,Pteridaceae,196.32934,-16.20313,1771,+,Mauv
562,Asteraceae,434.06754,-20.71351,N/a,+,Pink
563,Stereocaulaceae,670.86765,-64.96519,N/a,-,Pink
564,Collemataceae,95.55456,40.35286,1828,+,Khaki
565,Fabaceae,691.72196,-87.05142,N/a,+,Goldenrod
566,Rosaceae,769.97707,-99.65789,N/a,-,Aquamarine
567,Polemoniaceae,379.97123,34.09515,1115,+,Green
568,Lamiaceae,731.75477,-88.94687,N/a,-,Teal
569,Brassicaceae,819.65522,75.89752,1425,+,Blue
570,Asteraceae,793.38728,-94.55868,N/a,+,Orange
571,Rosaceae,715.13079,27.3351,1917,-,Khaki
572,Rosaceae,255.46122,13.11122,N/a,+,Violet
573,Asteraceae,400.09987,34.74312,1149,+,Turquoise
574,Polytrichaceae,6.09654,3.81024,N/a,-,Orange
575,Cyperaceae,46.65172,,N/a,-,Aquamarine
576,Fabaceae,551.92428,-59.66248,N/a,-,Pink
577,Geraniaceae,,36.52193,N/a,-,Yellow
578,Solanaceae,483.81961,-37.46339,1121,-,Maroon
579,Moraceae,,-52.44059,1940,+,Aquamarine
580,Liliaceae,100.14482,-88.79519,1033,-,Blue
581,Liliaceae,168.26689,-36.16762,N/a,-,Maroon
582,Fabaceae,577.30445,76.37891,N/a,+,Purple
583,Solanaceae,15.139,44.07404,N/a,-,Khaki
584,Asteraceae,544.05214,,N/a,+,Pink
585,Fabaceae,93.17092,-12.70421,1257,-,Purple
586,Vitaceae,9.16915,63.74852,N/a,-,Green
587,Seligeriaceae,,-39.26791,1122,-,Mauv
588,Myrtaceae,63.04174,9.22212,N/a,+,Aquamarine
589,Ericaceae,684.79304,-67.9491,N/a,-,Purple
590,Asteraceae,359.30115,-62.08994,1335,+,Goldenrod
591,Vitaceae,378.88627,54.7084,N/a,+,Green
592,Leskeaceae,782.5686,-34.10755,N/a,+,Mauv
593,Linaceae,385.63562,99.67916,1400,-,Yellow
594,Commelinaceae,473.83735,98.11491,1918,-,Red
595,Pottiaceae,830.19269,61.50577,1736,-,Green
596,Poaceae,553.56078,-38.26786,N/a,+,Yellow
597,Biatorellaceae,695.70948,-39.36878,1188,-,Teal
598,Brassicaceae,760.31105,5.02706,1299,-,Indigo
599,Fumariaceae,33.17018,77.54842,N/a,+,Pink
600,Caryophyllaceae,106.93252,35.10781,1754,-,Blue
601,Lamiaceae,741.70208,57.56215,1407,+,Turquoise
602,Verrucariaceae,774.81279,18.10166,N/a,+,Red
603,Melaspileaceae,926.81197,84.98979,N/a,-,Crimson
604,Rosaceae,701.33984,-14.40151,1291,+,Green
605,Poaceae,623.97124,83.65932,1227,+,Crimson
606,Scrophulariaceae,538.70298,,1364,-,Red
607,Araceae,748.64379,-78.27716,N/a,+,Puce
608,Fabaceae,55.79165,,N/a,-,Yellow
609,Aceraceae,342.15708,-21.84932,N/a,+,Blue
610,Euphorbiaceae,340.03856,22.1415,1662,-,Puce
611,Liliaceae,434.68739,36.89133,1499,-,Puce
612,Chrysobalanaceae,,75.28486,1704,+,Orange
613,Pinaceae,960.13436,-13.49413,1163,-,Indigo
614,Caricaceae,700.38924,-58.54286,N/a,+,Green
615,Hymeneliaceae,291.61401,-4.72402,1793,+,Maroon
616,Physciaceae,430.21037,-68.67488,1881,-,Indigo
617,Lamiaceae,,48.68018,1514,+,Puce
618,Anacardiaceae,28.25026,0.19442,1341,-,Mauv
619,Polemoniaceae,955.63349,-39.53283,1927,-,Orange
620,Zygophyllaceae,392.38466,3.65679,1614,+,Indigo
621,Poaceae,607.25632,-9.46441,1517,-,Khaki
622,Poaceae,75.22261,-81.52773,N/a,+,Aquamarine
623,Arecaceae,539.34677,41.03695,N/a,-,Indigo
624,Amaranthaceae,263.69881,-9.11006,1257,-,Pink
625,Asteraceae,,-78.35421,1936,+,Violet
626,Ericaceae,429.91252,6.84537,N/a,+,Yellow
627,Parmeliaceae,526.92349,-62.80107,N/a,+,Violet
628,Parmeliaceae,290.80702,96.17363,N/a,-,Yellow
629,Asteraceae,450.40304,41.53094,N/a,+,Goldenrod
630,Fagaceae,559.56462,-10.9151,N/a,+,Red
631,Fumariaceae,949.64736,-30.62874,N/a,-,Purple
632,Asteraceae,,-90.4791,N/a,+,Aquamarine
633,Anacardiaceae,435.81812,13.95289,N/a,-,Khaki
634,Onagraceae,183.39681,34.94928,1423,+,Red
635,Crassulaceae,851.98442,45.15814,1088,+,Mauv
636,Saxifragaceae,22.23285,-90.60009,N/a,+,Goldenrod
637,Lecanoraceae,,-80.32367,1281,-,Fuscia
638,Fabaceae,757.45711,-34.40162,1770,-,Violet
639,Rosaceae,234.09175,74.24289,N/a,-,
640,Parmeliaceae,969.42664,88.44547,N/a,-,Yellow
641,Asteraceae,128.94756,52.52972,1780,-,Goldenrod
642,Polytrichaceae,250.56897,-61.97157,N/a,+,Fuscia
643,Lauraceae,432.78837,61.58933,1415,+,
644,Fabaceae,,75.70067,N/a,-,Yellow
645,Parmeliaceae,477.3973,-6.30306,N/a,+,Khaki
646,Euphorbiaceae,94.0066,-22.68146,N/a,+,Pink
647,Orchidaceae,,0.89069,N/a,-,
648,Melastomataceae,520.17244,89.47106,N/a,-,Indigo
649,Asteraceae,323.71824,68.69031,1017,+,Purple
650,Ephedraceae,34.09271,-73.57992,1909,-,Blue
651,Grossulariaceae,258.30572,0.68234,N/a,-,Goldenrod
652,Brassicaceae,412.45331,99.03536,N/a,-,Pink
653,Asteraceae,45.61884,75.81586,N/a,+,Maroon
654,Asteraceae,933.32041,98.20116,N/a,+,Mauv
655,Dryopteridaceae,958.18439,35.96385,1170,-,Yellow
656,Orchidaceae,729.1206,-99.59558,1404,+,Red
657,Asteraceae,303.50823,-53.83646,1263,+,Mauv
658,Poaceae,62.63013,-71.11884,N/a,+,Red
659,Gentianaceae,660.07642,92.95648,N/a,-,Purple
660,Violaceae,725.04251,-13.85169,1267,-,Pink
661,Polygonaceae,144.71863,,N/a,+,Crimson
662,Asteraceae,778.20966,-60.08051,N/a,+,Khaki
663,Grimmiaceae,631.48967,-3.14164,N/a,+,Blue
664,Scrophulariaceae,98.08826,-79.5982,N/a,+,Khaki
665,Rosaceae,37.83527,-19.1244,1957,+,Violet
666,Violaceae,151.62947,26.2197,1068,+,Teal
667,Scrophulariaceae,466.15304,5.10784,N/a,+,Pink
668,Boraginaceae,610.21792,-85.39662,1141,+,Orange
669,Poaceae,112.22591,88.61333,N/a,-,Aquamarine
670,Commelinaceae,969.20656,,1244,-,Turquoise
671,Cupressaceae,99.42432,-79.56678,N/a,+,Fuscia
672,Apiaceae,144.89725,-93.77906,1512,+,Yellow
673,Boraginaceae,,45.02127,1295,-,Violet
674,Amaranthaceae,617.54725,-35.80391,1581,+,Blue
675,Liliaceae,146.1733,-79.13733,1085,-,Pink
676,Cladoniaceae,27.34163,-99.393,N/a,-,Blue
677,Malvaceae,381.84224,-20.71474,1133,-,Red
678,Cornaceae,493.10537,-60.89117,N/a,+,Fuscia
679,Apiaceae,707.29422,71.22495,N/a,-,Orange
680,Melastomataceae,251.68407,-76.17546,N/a,+,Khaki
681,Caprifoliaceae,399.93139,1.62653,N/a,-,Khaki
682,Asteraceae,351.65595,-20.85803,N/a,+,Aquamarine
683,Lamiaceae,55.57646,12.9583,N/a,+,Teal
684,Lecideaceae,263.50689,41.8549,1587,+,Aquamarine
685,Ericaceae,441.38629,-91.61402,N/a,-,Khaki
686,Polygonaceae,977.09748,,1965,-,Yellow
687,Hymeneliaceae,,-29.12037,1051,-,Maroon
688,Pottiaceae,835.45753,28.44879,1256,-,Khaki
689,Polygonaceae,326.08244,-20.28899,N/a,+,Red
690,Fabaceae,437.94658,-88.75085,N/a,-,Indigo
691,Violaceae,480.5832,89.03658,1849,+,Violet
692,Fabaceae,208.45429,87.88586,N/a,+,Pink
693,Polemoniaceae,186.74859,-45.19428,1285,+,Pink
694,Onagraceae,26.40619,-4.19153,N/a,+,Khaki
695,Polemoniaceae,526.94992,19.96312,N/a,+,Red
696,Rubiaceae,575.83117,97.84263,1243,+,Yellow
697,Asteraceae,419.68931,40.66276,1547,-,Mauv
698,Polygonaceae,478.04493,-2.18104,1636,+,Indigo
699,Nyctaginaceae,42.52548,-79.25564,1385,+,Aquamarine
700,Verbenaceae,778.19534,22.44533,N/a,+,Green
701,Cistaceae,683.47924,75.89564,N/a,-,Yellow
702,Brassicaceae,421.15197,-38.80966,N/a,+,Violet
703,Brassicaceae,338.85333,-67.76032,1754,-,Orange
704,Grimmiaceae,33.55608,36.38377,N/a,+,Red
705,Cupressaceae,214.92051,-13.3336,1412,+,Aquamarine
706,Poaceae,860.66616,68.47108,N/a,-,
707,Poaceae,362.78676,-69.24284,N/a,+,Pink
708,Parmeliaceae,,82.4205,1494,-,Crimson
709,Asteraceae,709.37767,-65.34166,N/a,-,Pink
710,Cucurbitaceae,129.44499,-91.87341,N/a,+,Goldenrod
711,Asteraceae,,,N/a,+,Pink
712,Brassicaceae,788.98809,-13.43224,N/a,+,Pink
713,Brassicaceae,627.83287,-7.68442,N/a,+,Pink
714,Asteraceae,857.66254,-71.81182,1187,+,Fuscia
715,Brassicaceae,790.03847,-1.90142,1963,+,Crimson
716,Pinaceae,834.50443,-51.44621,1706,-,Crimson
717,Cyperaceae,724.52576,60.21113,N/a,+,Orange
718,Cyperaceae,660.32135,39.74395,1394,-,Indigo
719,Rosaceae,509.68709,66.97224,N/a,+,Teal
720,Pertusariaceae,468.71865,-41.72362,N/a,+,Goldenrod
721,Thelypteridaceae,593.51308,69.44484,N/a,+,Blue
722,Liliaceae,39.42323,-26.17498,N/a,-,Violet
723,Ditrichaceae,729.03271,-73.73373,N/a,-,Blue
724,Myrtaceae,5.44551,-79.03506,1825,+,Yellow
725,Polygonaceae,253.54311,77.62373,1501,-,
726,Orchidaceae,,-21.63712,1400,+,Indigo
727,Fabaceae,694.43112,-93.32232,1048,+,Red
728,Poaceae,546.90468,-36.0346,N/a,+,Blue
729,Primulaceae,812.04696,-59.34896,1682,+,Khaki
730,Asteraceae,439.09872,-78.92784,1941,-,Teal
731,Malpighiaceae,816.15451,-55.95933,1135,-,Teal
732,Boraginaceae,552.19798,42.98762,1404,-,Green
733,Caryophyllaceae,513.19186,99.3387,1459,-,Crimson
734,Fagaceae,333.90822,-30.16723,1354,-,Puce
735,Chenopodiaceae,542.90171,,N/a,+,Pink
736,Rosaceae,416.71668,50.08932,N/a,-,
737,Poaceae,47.64881,-0.96207,1450,-,Purple
738,Lamiaceae,131.72536,-81.38661,N/a,-,Violet
739,Fabaceae,274.59522,38.60045,1392,+,Yellow
740,Fabaceae,874.26985,79.84294,1533,-,Yellow
741,Caliciaceae,919.15354,,N/a,-,Purple
742,Fabaceae,901.51552,,1233,-,Khaki
743,Brassicaceae,97.58678,-58.86901,1148,+,
744,Asteraceae,871.96215,64.44644,N/a,-,Turquoise
745,Asteraceae,851.66608,8.18554,1015,-,Mauv
746,Scrophulariaceae,88.38811,89.14149,N/a,-,Blue
747,Loasaceae,47.84552,,1271,+,Fuscia
748,Lichinaceae,693.90386,20.91868,N/a,-,Blue
749,Caryophyllaceae,693.00245,-0.70014,N/a,+,Fuscia
750,Brassicaceae,922.52196,-30.8753,1513,-,Maroon
751,Cactaceae,171.75173,,N/a,+,Orange
752,Grossulariaceae,561.06207,,1831,+,Blue
753,Cryphaeaceae,452.44285,84.77256,N/a,-,Indigo
754,Malvaceae,480.91881,24.48779,1571,+,Aquamarine
755,Cactaceae,826.05361,-46.89895,N/a,-,Purple
756,Pinaceae,818.32789,52.88089,N/a,+,Pink
757,Brassicaceae,70.17401,22.22927,1434,+,Yellow
758,Poaceae,16.29709,-49.10448,1828,+,Red
759,Bryaceae,505.71847,7.90716,N/a,+,Violet
760,Asteraceae,343.86235,-47.21571,1475,+,Turquoise
761,Aristolochiaceae,946.74662,98.04815,N/a,+,Blue
762,Brassicaceae,500.43418,-63.70316,N/a,-,Pink
763,Rosaceae,136.31117,37.38469,1389,-,Crimson
764,Pinaceae,302.97766,,N/a,-,Khaki
765,Boraginaceae,420.83915,78.56391,1939,-,Maroon
766,Acarosporaceae,2.62345,51.46399,N/a,-,Indigo
767,Stereocaulaceae,259.79389,38.35123,1347,-,Violet
768,Apiaceae,931.91232,0.42565,N/a,+,Aquamarine
769,Bacidiaceae,265.14442,27.65386,1932,-,Turquoise
770,Rosaceae,720.40324,36.97446,1277,-,Aquamarine
771,Stereocaulaceae,802.49007,-23.87097,1252,+,Indigo
772,Asteraceae,220.98873,-35.6171,N/a,+,Violet
773,Polemoniaceae,233.06052,-2.25596,1726,-,Goldenrod
774,Simaroubaceae,586.14115,94.3179,N/a,+,Maroon
775,Urticaceae,566.78405,,N/a,+,Orange
776,Rosaceae,749.27598,-53.05391,N/a,+,Indigo
777,Sphagnaceae,902.70651,-83.84602,N/a,-,Mauv
778,Fabaceae,536.90317,52.03239,N/a,+,Blue
779,Asteraceae,121.06348,-27.63853,1820,+,Yellow
780,Cannabaceae,257.14752,38.47926,1382,+,
781,Crassulaceae,,74.24913,N/a,-,Aquamarine
782,Brassicaceae,838.86421,-29.86199,1875,+,Turquoise
783,Rhamnaceae,835.68754,-2.72445,N/a,-,Crimson
784,Asteraceae,795.32386,-40.3309,1612,+,Violet
785,Calymperaceae,173.23499,-25.2823,1998,+,
786,Pteridaceae,580.41969,30.51918,1316,+,Blue
787,Liliaceae,29.91011,61.46959,N/a,-,Purple
788,Fabaceae,933.44806,28.72929,N/a,-,Yellow
789,Polemoniaceae,283.01355,55.71171,1582,-,Goldenrod
790,Myrtaceae,785.84693,27.5441,N/a,+,
791,Rubiaceae,671.83761,-83.99109,N/a,-,Teal
792,Euphorbiaceae,358.03372,-38.43822,N/a,+,Goldenrod
793,Chenopodiaceae,839.99628,32.49081,N/a,+,Red
794,Asteraceae,424.0134,-7.09301,N/a,+,Orange
795,Ericaceae,484.30452,64.12236,N/a,-,Goldenrod
796,Lecanoraceae,633.67211,-10.81778,1724,+,Fuscia
797,Orchidaceae,442.06947,35.4586,N/a,-,Crimson
798,Fabaceae,229.86336,63.39024,1301,-,Green
799,Aquifoliaceae,192.97112,,N/a,+,Aquamarine
800,Rubiaceae,876.42384,53.85537,N/a,-,Blue
801,Sapindaceae,34.0282,60.72118,N/a,-,Red
802,Halymeniaceae,716.90282,72.77499,1747,+,Purple
803,Primulaceae,809.84989,-17.13592,N/a,-,Fuscia
804,Orthotrichaceae,336.11727,25.21753,1966,+,Pink
805,Agavaceae,658.29474,-35.02291,N/a,+,Maroon
806,Lamiaceae,657.70771,-74.41098,N/a,-,Aquamarine
807,Liliaceae,803.69954,-50.39117,N/a,-,Goldenrod
808,Poaceae,338.03888,-44.39551,1062,-,Violet
809,Polygonaceae,820.0754,,N/a,-,Purple
810,Viscaceae,215.92948,20.98339,1538,-,Violet
811,Saxifragaceae,2.21082,-90.92196,1572,-,Turquoise
812,Asteraceae,884.95582,-78.9421,1757,-,Violet
813,Myrtaceae,566.73451,98.60343,1809,-,Purple
814,Scrophulariaceae,915.96168,-21.61151,N/a,-,Blue
815,Scrophulariaceae,486.03992,77.02346,1733,+,
816,Peltigeraceae,182.61035,-67.63563,N/a,-,
817,Fabaceae,771.05184,-13.60808,N/a,+,Maroon
818,Poaceae,96.82089,-13.95441,N/a,+,Purple
819,Dennstaedtiaceae,148.85701,45.45087,N/a,+,Puce
820,Scrophulariaceae,274.87114,63.60587,1331,-,Maroon
821,Pertusariaceae,,-21.71475,1151,+,Yellow
822,Euphorbiaceae,431.92593,-56.57077,N/a,+,Teal
823,Orchidaceae,297.44397,,1066,+,Green
824,Cistaceae,976.88451,-58.00342,N/a,+,Green
825,Cyperaceae,276.79059,85.76753,N/a,-,Mauv
826,Brassicaceae,,16.18841,1514,-,Yellow
827,Begoniaceae,594.47029,50.96011,N/a,-,Turquoise
828,Asteraceae,28.07788,51.75282,N/a,-,Green
829,Asteraceae,798.3399,34.3984,N/a,+,Puce
830,Ranunculaceae,582.29426,79.14432,1239,+,Maroon
831,Fabaceae,696.40438,79.24441,N/a,+,Khaki
832,Scrophulariaceae,66.05266,,N/a,-,Purple
833,Pottiaceae,748.00458,-16.62009,N/a,+,Yellow
834,Saxifragaceae,729.73669,10.1191,1899,-,Teal
835,Passifloraceae,289.02191,-50.11178,1687,-,Violet
836,Grammitidaceae,354.68988,,1199,-,Crimson
837,Lamiaceae,,43.00647,N/a,+,Khaki
838,Hypnaceae,354.76941,91.64416,N/a,-,Goldenrod
839,Asteraceae,670.59702,21.21622,N/a,+,Red
840,Ochnaceae,893.37769,-25.3296,1074,-,Khaki
841,Polygonaceae,945.91327,26.243,1954,-,Mauv
842,Fabaceae,520.70304,,N/a,-,Crimson
843,Lamiaceae,682.35545,,N/a,+,Fuscia
844,Portulacaceae,,-6.45685,N/a,+,
845,Parmeliaceae,188.56351,-59.58593,1632,+,Aquamarine
846,Crossosomataceae,997.23023,-97.51618,N/a,+,Maroon
847,Asteraceae,883.18209,-42.81491,1257,-,Maroon
848,Acanthaceae,888.82486,5.56884,1041,+,Violet
849,Geraniaceae,613.67725,61.45812,N/a,+,Blue
850,Fabaceae,302.2872,-77.23046,N/a,-,Turquoise
851,Violaceae,853.09415,,N/a,+,Teal
852,Rubiaceae,842.05171,26.5386,N/a,+,Fuscia
853,Isoetaceae,821.65963,99.39908,1404,+,Maroon
854,Asteraceae,69.88656,-5.24048,1036,-,Aquamarine
855,Parmeliaceae,978.02486,-36.20072,N/a,+,Crimson
856,Asteraceae,332.83463,-39.97108,N/a,-,Puce
857,Cyperaceae,976.1324,,1661,+,
858,Rhizocarpaceae,430.0851,26.39097,N/a,+,Yellow
859,Rosaceae,69.80925,55.91837,N/a,+,Goldenrod
860,Asteraceae,604.1757,,N/a,-,Maroon
861,Fabaceae,41.85616,3.80784,N/a,+,Puce
862,Campanulaceae,567.76115,51.57047,1547,-,Khaki
863,Fabaceae,866.32727,-88.57258,1421,-,Green
864,Linaceae,883.56008,16.70014,1193,-,Violet
865,Primulaceae,173.14711,-45.07186,N/a,+,Violet
866,Fabaceae,209.085,-94.93322,1565,-,Turquoise
867,Fabaceae,945.93465,-34.9507,1256,-,Pink
868,Cyperaceae,779.61017,-58.35633,N/a,+,Fuscia
869,Asteraceae,941.8373,27.42993,1235,+,Pink
870,Fabaceae,785.63986,-53.47841,1937,+,Orange
871,Sterculiaceae,922.05164,-42.54021,1288,-,Orange
872,Fabaceae,365.21663,12.84864,1586,+,Red
873,Orchidaceae,527.55501,-34.26596,1719,-,Blue
874,Polypodiaceae,37.21773,98.79435,1128,-,Mauv
875,Asteraceae,2.72565,-55.96487,1137,+,Puce
876,Asclepiadaceae,108.76515,-74.46558,1390,+,Red
877,Rosaceae,470.87383,-26.1153,N/a,-,Khaki
878,Cactaceae,973.80879,-16.04348,N/a,-,Indigo
879,Rosaceae,626.23037,73.93342,N/a,-,Pink
880,Melastomataceae,330.92661,26.81153,N/a,-,Puce
881,Poaceae,748.06805,-17.41715,1179,+,Indigo
882,Capparaceae,814.97728,-15.77904,N/a,+,Indigo
883,Poaceae,171.69224,59.70556,1403,-,Indigo
884,Boraginaceae,790.7641,-55.1502,N/a,-,Indigo
885,Parmeliaceae,812.91508,-67.85792,N/a,+,Indigo
886,Cladoniaceae,915.95868,87.0025,N/a,+,Turquoise
887,Lentibulariaceae,,49.00209,N/a,-,Khaki
888,Euphorbiaceae,274.30538,91.65074,1934,-,Purple
889,Fabaceae,987.1224,91.54381,1251,-,Red
890,Poaceae,804.94761,64.3884,1849,+,
891,Ericaceae,504.0525,26.12154,1453,+,Turquoise
892,Fabaceae,743.22767,-39.31714,N/a,-,Violet
893,Rosaceae,739.11458,-74.22384,N/a,-,Orange
894,Polygonaceae,906.14948,81.1344,N/a,-,Teal
895,Fabaceae,283.65874,-66.43706,N/a,-,Fuscia
896,Salicaceae,504.68015,-10.05236,1124,+,Goldenrod
897,Sarraceniaceae,953.11746,42.26671,N/a,-,Khaki
898,Dryopteridaceae,728.70081,86.48881,1045,+,Orange
899,Passifloraceae,822.21227,51.26488,N/a,-,Yellow
900,Fabaceae,589.85439,-47.1536,N/a,+,Violet
901,Hydrophyllaceae,566.33709,-98.95188,N/a,-,Yellow
902,Liliaceae,939.65951,87.47209,N/a,+,Maroon
903,Euphorbiaceae,849.22168,36.86601,N/a,-,
904,Salicaceae,465.53724,,1981,+,Red
905,Linaceae,250.06664,82.16689,1533,-,Violet
906,Buddlejaceae,,2.55187,1568,-,Khaki
907,Polygonaceae,857.56472,-95.6749,N/a,-,Goldenrod
908,Rosaceae,188.51645,68.75578,1452,+,Teal
909,Oleaceae,263.39202,-40.9791,1149,+,Fuscia
910,Selaginellaceae,,-43.60519,1467,-,Fuscia
911,Polemoniaceae,496.24372,44.40915,N/a,-,Green
912,Boraginaceae,763.81607,-91.72096,N/a,-,Puce
913,Lycopodiaceae,389.08616,34.46155,N/a,-,Blue
914,Aizoaceae,4.30411,,N/a,-,Indigo
915,Scrophulariaceae,,61.13274,1527,+,Yellow
916,Pottiaceae,952.09467,-82.72421,N/a,-,Green
917,Agavaceae,457.50838,-27.24334,1125,+,Orange
918,Pinaceae,444.1178,30.81026,1622,+,Teal
919,Asteraceae,563.48892,,N/a,+,Blue
920,Amblystegiaceae,447.52825,-24.68795,N/a,+,Indigo
921,Scrophulariaceae,22.09852,16.05426,N/a,-,Goldenrod
922,Lamiaceae,483.58815,3.58561,1854,+,Teal
923,Boraginaceae,873.56302,-75.44015,1919,-,Puce
924,Violaceae,810.77577,-5.61435,N/a,-,Maroon
925,Dryopteridaceae,772.41993,-53.9081,N/a,-,Puce
926,Scrophulariaceae,11.62252,,1477,-,Maroon
927,Asteraceae,218.25743,62.87804,N/a,-,Crimson
928,Hydrophyllaceae,933.70915,-42.18076,N/a,-,Aquamarine
929,Collemataceae,98.02516,43.47337,1061,-,Violet
930,Lamiaceae,733.95038,97.36617,1026,-,Crimson
931,Rosaceae,27.35466,57.71178,1778,+,Yellow
932,Asclepiadaceae,85.01767,-61.5711,N/a,+,Violet
933,Aspleniaceae,967.43864,75.65625,1969,-,Red
934,Chenopodiaceae,853.4684,-70.99941,1002,-,Goldenrod
935,Liliaceae,484.32892,38.84785,1697,+,Purple
936,Boraginaceae,542.67216,62.8377,N/a,-,Orange
937,Portulacaceae,534.41424,-71.52049,N/a,-,Fuscia
938,Scrophulariaceae,581.50683,19.15139,N/a,+,Fuscia
939,Liliaceae,164.1099,-50.98492,N/a,+,Turquoise
940,Crocyniaceae,187.24364,-30.67569,N/a,+,Teal
941,Hydrophyllaceae,925.15971,-35.45086,1532,+,Maroon
942,Arecaceae,227.75378,-97.45903,1504,+,Aquamarine
943,Liliaceae,832.28432,15.15564,N/a,+,Maroon
944,Fabaceae,232.23487,-30.02165,1395,-,Goldenrod
945,Poaceae,99.07335,-95.48705,1607,-,Blue
946,Fagaceae,81.60777,-33.14735,N/a,+,Maroon
947,Salicaceae,282.15884,-0.59539,1874,+,Fuscia
948,Violaceae,678.2453,-33.59416,1885,+,Maroon
949,Rosaceae,,70.08715,N/a,+,
950,Brassicaceae,487.47129,-61.46293,1974,+,Indigo
951,Asteraceae,754.30642,-37.71356,1250,+,
952,Cyperaceae,671.73443,72.8767,1348,+,Orange
953,Thuidiaceae,27.83852,44.11196,1008,+,Violet
954,Piperaceae,183.71124,17.48378,1943,-,Purple
955,Ericaceae,398.15095,-94.22286,1661,-,Puce
956,Grossulariaceae,341.109,-5.30205,N/a,+,Yellow
957,Physciaceae,192.71521,65.36768,1283,-,Teal
958,Violaceae,598.40317,-16.07245,N/a,-,Puce
959,Physciaceae,63.33149,-93.8876,1112,+,Aquamarine
960,Asteraceae,239.04601,-5.07387,1591,-,Blue
961,Hydrophyllaceae,212.14717,-30.73079,N/a,-,Aquamarine
962,Caprifoliaceae,755.303,-49.07606,N/a,+,
963,Asteraceae,42.62972,20.72528,N/a,-,Fuscia
964,Lamiaceae,61.9457,95.42586,N/a,-,Mauv
965,Liliaceae,,,1635,+,Indigo
966,Asteraceae,717.097,65.21243,1631,+,Purple
967,Fabaceae,165.26346,-34.88506,N/a,+,Green
968,Fabaceae,561.77853,,1477,+,Violet
969,Pteridaceae,135.39896,-17.64155,N/a,+,Orange
970,Crassulaceae,311.60624,-32.82718,1510,+,Teal
971,Sapotaceae,934.95073,66.14234,1756,-,Orange
972,Asteraceae,402.75571,-68.0888,1942,+,Purple
973,Melastomataceae,682.45673,-80.84781,1137,+,Crimson
974,Scrophulariaceae,,50.73782,N/a,-,Yellow
975,Poaceae,989.25889,86.82864,N/a,-,Khaki
976,Dryopteridaceae,169.84292,-0.29676,1087,-,Red
977,Caryophyllaceae,606.19997,29.91377,1045,+,Mauv
978,Gomphillaceae,811.23524,-67.64244,1249,+,Maroon
979,Elatinaceae,682.16174,,N/a,+,Maroon
980,Onagraceae,279.44268,-28.14561,N/a,+,Mauv
981,Gyalectaceae,678.03417,,1258,-,Aquamarine
982,Euphorbiaceae,339.03869,93.69314,1898,+,Khaki
983,Lecanoraceae,186.08731,-42.39011,1556,+,Violet
984,Scrophulariaceae,847.19957,83.90373,N/a,+,Indigo
985,Liliaceae,547.43436,96.31465,N/a,-,Fuscia
986,Fabaceae,533.85417,,1378,-,Mauv
987,Euphorbiaceae,322.73838,-27.0258,N/a,+,Goldenrod
988,Fabaceae,496.41182,19.1883,N/a,-,Yellow
989,Celastraceae,594.12975,72.01228,N/a,+,Orange
990,Asteraceae,,-42.79541,1013,-,Maroon
991,Cucurbitaceae,457.31896,-12.5584,1045,-,Puce
992,Juglandaceae,167.46061,-41.66975,1380,-,Maroon
993,Ranunculaceae,428.70686,-10.94592,1273,+,Turquoise
994,Parmeliaceae,655.35608,43.94448,N/a,-,Fuscia
995,Theaceae,620.82266,-86.42974,N/a,-,Orange
996,Parmeliaceae,,-29.048,1218,-,Orange
997,Hippocastanaceae,187.65471,-31.18477,N/a,-,Maroon
998,Asteraceae,340.12488,35.05716,N/a,+,Violet
999,Polygonaceae,5.43529,-7.24339,N/a,-,Crimson
1000,Orchidaceae,523.99282,,N/a,+,
